{
  "method": "symbolic",
  "nfe_x": 10,
  "nfe_t": 20,
  "doe_build_time": 0.40300462499726564,
  "doe_init_time": 0.20002033398486674,
  "doe_solve_time": 1.1799700260162354,
  "doe_wall_time": 1.7829949849983677,
  "ipopt_iters": 25,
  "obj_eval": 28,
  "grad_eval": 26,
  "eq_con_eval": 28,
  "eq_jac_eval": 26,
  "hess_eval": 25,
  "ipopt_cpu_wo_feval": 1.032,
  "ipopt_cpu_nlp_feval": 0.001,
  "ipopt_exit": "Optimal Solution Found."
}