{
  "method": "symbolic",
  "nfe_x": 10,
  "nfe_t": 20,
  "total_build_time": 1.8314524590000474,
  "differentiation_time": 0.5379517909996139,
  "doe_build_time": 1.8314524590000474,
  "doe_init_time": 0.19807262500034994,
  "doe_solve_time": 1.3157312870025635,
  "doe_wall_time": 3.345256371002961,
  "n_constraints": 2017,
  "n_variables": 2038,
  "problem_size_metric": 4110646,
  "total_derivative_entries_stored": 796556,
  "number_of_nonzero_derivatives": 2572,
  "number_of_explicit_zero_entries": 793984,
  "derivative_density": 0.0032289004162921377,
  "ipopt_iters": 24,
  "obj_eval": 25,
  "grad_eval": 25,
  "eq_con_eval": 25,
  "eq_jac_eval": 25,
  "hess_eval": 24,
  "ma57_linear_solver_time": null,
  "ipopt_cpu_wo_feval": 1.031,
  "ipopt_cpu_nlp_feval": 0.001,
  "ipopt_exit": "Optimal Solution Found."
}