{
  "method": "symbolic",
  "nfe_x": 25,
  "nfe_t": 40,
  "total_build_time": 31.973337291999997,
  "differentiation_time": 9.786903292000261,
  "doe_build_time": 31.973337291999997,
  "doe_init_time": 2.160801083000024,
  "doe_solve_time": 16.178444147109985,
  "doe_wall_time": 50.312582522110006,
  "n_constraints": 9462,
  "n_variables": 9503,
  "problem_size_metric": 89917386,
  "total_derivative_entries_stored": 17619006,
  "number_of_nonzero_derivatives": 12377,
  "number_of_explicit_zero_entries": 17606629,
  "derivative_density": 0.0007024800377501432,
  "ipopt_iters": 39,
  "obj_eval": 40,
  "grad_eval": 40,
  "eq_con_eval": 40,
  "eq_jac_eval": 40,
  "hess_eval": 39,
  "ma57_linear_solver_time": null,
  "ipopt_cpu_wo_feval": 13.737,
  "ipopt_cpu_nlp_feval": 0.008,
  "ipopt_exit": "Optimal Solution Found."
}