{
  "method": "central",
  "nfe_x": 50,
  "nfe_t": 75,
  "doe_build_time": 3.907794125028886,
  "doe_init_time": 3.93425920791924,
  "doe_wall_time": 7.842053332948126
}