{
  "method": "central",
  "nfe_x": 2,
  "nfe_t": 2,
  "doe_build_time": 0.06953650002833456,
  "doe_init_time": 0.024902959004975855,
  "doe_solve_time": 0.03984427452087402,
  "doe_wall_time": 0.13428373355418444,
  "ipopt_iters": 14,
  "obj_eval": 15,
  "grad_eval": 15,
  "eq_con_eval": 15,
  "eq_jac_eval": 15,
  "hess_eval": 14,
  "ipopt_cpu_wo_feval": 0.017,
  "ipopt_cpu_nlp_feval": 0.0,
  "ipopt_exit": "Optimal Solution Found."
}